{
  "Use Non-ASCII Font" : true,
  "Tags" : [

  ],
  "Ansi 12 Color" : {
    "Green Component" : 0.43529412150382996,
    "Blue Component" : 0.75294119119644165,
    "Red Component" : 0
  },
  "Ansi 7 Color" : {
    "Green Component" : 0.86274510622024536,
    "Blue Component" : 0.86274510622024536,
    "Red Component" : 0.86274510622024536
  },
  "Ansi 8 Color" : {
    "Green Component" : 0.11783610284328461,
    "Blue Component" : 0.15170273184776306,
    "Red Component" : 0
  },
  "Bold Color" : {
    "Green Component" : 0.67450982332229614,
    "Blue Component" : 0.69803923368453979,
    "Red Component" : 0.65490198135375977
  },
  "Ansi 9 Color" : {
    "Green Component" : 0,
    "Blue Component" : 0.24705882370471954,
    "Red Component" : 0.88235294818878174
  },
  "Ansi 3 Color" : {
    "Green Component" : 0.46751424670219421,
    "Blue Component" : 0.023484811186790466,
    "Red Component" : 0.64746475219726562
  },
  "Right Option Key Sends" : 0,
  "Rows" : 28,
  "Default Bookmark" : "No",
  "Cursor Guide Color" : {
    "Red Component" : 0.70213186740875244,
    "Color Space" : "sRGB",
    "Blue Component" : 1,
    "Alpha Component" : 0.25,
    "Green Component" : 0.9268307089805603
  },
  "Non-ASCII Anti Aliased" : true,
  "Use Bright Bold" : true,
  "Show Mark Indicators" : false,
  "Ansi 10 Color" : {
    "Green Component" : 0.56470590829849243,
    "Blue Component" : 0,
    "Red Component" : 0.11372549086809158
  },
  "Icon" : 0,
  "Ambiguous Double Width" : false,
  "Jobs to Ignore" : [
    "rlogin",
    "ssh",
    "slogin",
    "telnet"
  ],
  "Ansi 15 Color" : {
    "Green Component" : 0.88627451658248901,
    "Blue Component" : 0.88627451658248901,
    "Red Component" : 0.88627451658248901
  },
  "Foreground Color" : {
    "Red Component" : 0.8787994384765625,
    "Color Space" : "sRGB",
    "Blue Component" : 1,
    "Alpha Component" : 1,
    "Green Component" : 0.93919053366467176
  },
  "Bound Hosts" : [

  ],
  "Working Directory" : "\/Users\/jerick",
  "Blinking Cursor" : true,
  "Disable Window Resizing" : true,
  "Sync Title" : false,
  "Prompt Before Closing 2" : false,
  "BM Growl" : true,
  "Command" : "",
  "Description" : "Default",
  "Mouse Reporting" : true,
  "Screen" : -1,
  "Selection Color" : {
    "Green Component" : 0.23529411852359772,
    "Blue Component" : 0.3803921639919281,
    "Red Component" : 0.086274512112140656
  },
  "Columns" : 120,
  "Idle Code" : 0,
  "Ansi 13 Color" : {
    "Green Component" : 0,
    "Blue Component" : 0.85490196943283081,
    "Red Component" : 0.63529413938522339
  },
  "Title Components" : 512,
  "Custom Command" : "No",
  "ASCII Anti Aliased" : true,
  "Non Ascii Font" : "SFMonoNerdFontC-Regular 12",
  "Vertical Spacing" : 1,
  "Use Bold Font" : true,
  "Option Key Sends" : 0,
  "Selected Text Color" : {
    "Green Component" : 0.96078431606292725,
    "Blue Component" : 0.97647058963775635,
    "Red Component" : 0.94901961088180542
  },
  "Background Color" : {
    "Green Component" : 0.062745101749897003,
    "Blue Component" : 0.066666670143604279,
    "Red Component" : 0.054901961237192154
  },
  "Character Encoding" : 4,
  "Ansi 11 Color" : {
    "Green Component" : 0.57853251695632935,
    "Blue Component" : 0.034045778214931488,
    "Red Component" : 0.80254405736923218
  },
  "Use Italic Font" : true,
  "Unlimited Scrollback" : false,
  "Keyboard Map" : {
    "0xf728-0x80000" : {
      "Text" : "d",
      "Action" : 10
    },
    "0xf702-0x280000" : {
      "Text" : "b",
      "Action" : 10
    },
    "0xf70d-0x20000" : {
      "Text" : "[21;2~",
      "Action" : 10
    },
    "0x7f-0x80000" : {
      "Text" : "0x1b 0x7f",
      "Action" : 11
    },
    "0xf708-0x20000" : {
      "Text" : "[15;2~",
      "Action" : 10
    },
    "0x33-0x40000" : {
      "Text" : "0x1b",
      "Action" : 11
    },
    "0xf703-0x260000" : {
      "Text" : "[1;6C",
      "Action" : 10
    },
    "0xf729-0x20000" : {
      "Text" : "[1;2H",
      "Action" : 10
    },
    "0xf702-0x260000" : {
      "Text" : "[1;6D",
      "Action" : 10
    },
    "0x38-0x40000" : {
      "Text" : "0x7f",
      "Action" : 11
    },
    "0xf72b-0x40000" : {
      "Text" : "[1;5F",
      "Action" : 10
    },
    "0xf70c-0x20000" : {
      "Text" : "[20;2~",
      "Action" : 10
    },
    "0xf701-0x260000" : {
      "Text" : "[1;6B",
      "Action" : 10
    },
    "0x32-0x40000" : {
      "Text" : "0x00",
      "Action" : 11
    },
    "0xf707-0x20000" : {
      "Text" : "[1;2S",
      "Action" : 10
    },
    "0xf703-0x240000" : {
      "Text" : "[1;5C",
      "Action" : 10
    },
    "0xf700-0x260000" : {
      "Text" : "[1;6A",
      "Action" : 10
    },
    "0xf702-0x240000" : {
      "Text" : "[1;5D",
      "Action" : 10
    },
    "0xf703-0x300000" : {
      "Text" : "0x5",
      "Action" : 11
    },
    "0x37-0x40000" : {
      "Text" : "0x1f",
      "Action" : 11
    },
    "0x3-0x200000" : {
      "Text" : "0xd",
      "Action" : 11
    },
    "0xf701-0x240000" : {
      "Text" : "[1;5B",
      "Action" : 10
    },
    "0xf702-0x300000" : {
      "Text" : "0x1",
      "Action" : 11
    },
    "0xf703-0x220000" : {
      "Text" : "[1;2C",
      "Action" : 10
    },
    "0xf739-0x0" : {
      "Text" : "",
      "Action" : 13
    },
    "0xf70b-0x20000" : {
      "Text" : "[19;2~",
      "Action" : 10
    },
    "0xf728-0x0" : {
      "Text" : "0x4",
      "Action" : 11
    },
    "0xf706-0x20000" : {
      "Text" : "[1;2R",
      "Action" : 10
    },
    "0xf700-0x240000" : {
      "Text" : "[1;5A",
      "Action" : 10
    },
    "0xf702-0x220000" : {
      "Text" : "[1;2D",
      "Action" : 10
    },
    "0x36-0x40000" : {
      "Text" : "0x1e",
      "Action" : 11
    },
    "0xf70f-0x20000" : {
      "Text" : "[24;2~",
      "Action" : 10
    },
    "0xf701-0x220000" : {
      "Text" : "[1;2B",
      "Action" : 10
    },
    "0xf70a-0x20000" : {
      "Text" : "[18;2~",
      "Action" : 10
    },
    "0xf729-0x40000" : {
      "Text" : "[1;5H",
      "Action" : 10
    },
    "0xf72b-0x20000" : {
      "Text" : "[1;2F",
      "Action" : 10
    },
    "0xf700-0x220000" : {
      "Text" : "[1;2A",
      "Action" : 10
    },
    "0x30-0x200000" : {
      "Text" : "0",
      "Action" : 12
    },
    "0xf705-0x20000" : {
      "Text" : "[1;2Q",
      "Action" : 10
    },
    "0x31-0x200000" : {
      "Text" : "1",
      "Action" : 12
    },
    "0x33-0x200000" : {
      "Text" : "3",
      "Action" : 12
    },
    "0x35-0x40000" : {
      "Text" : "0x1d",
      "Action" : 11
    },
    "0x34-0x200000" : {
      "Text" : "4",
      "Action" : 12
    },
    "0x32-0x200000" : {
      "Text" : "2",
      "Action" : 12
    },
    "0x35-0x200000" : {
      "Text" : "5",
      "Action" : 12
    },
    "0x36-0x200000" : {
      "Text" : "6",
      "Action" : 12
    },
    "0x37-0x200000" : {
      "Text" : "7",
      "Action" : 12
    },
    "0x2d-0x40000" : {
      "Text" : "0x1f",
      "Action" : 11
    },
    "0x38-0x200000" : {
      "Text" : "8",
      "Action" : 12
    },
    "0x2a-0x200000" : {
      "Text" : "*",
      "Action" : 12
    },
    "0x39-0x200000" : {
      "Text" : "9",
      "Action" : 12
    },
    "0x2b-0x200000" : {
      "Text" : "+",
      "Action" : 12
    },
    "0xf70e-0x20000" : {
      "Text" : "[23;2~",
      "Action" : 10
    },
    "0x2e-0x200000" : {
      "Text" : ".",
      "Action" : 12
    },
    "0x2d-0x200000" : {
      "Text" : "-",
      "Action" : 12
    },
    "0xf709-0x20000" : {
      "Text" : "[17;2~",
      "Action" : 10
    },
    "0x7f-0x100000" : {
      "Text" : "0x15",
      "Action" : 11
    },
    "0x2f-0x200000" : {
      "Text" : "\/",
      "Action" : 12
    },
    "0xf704-0x20000" : {
      "Text" : "[1;2P",
      "Action" : 10
    },
    "0x34-0x40000" : {
      "Text" : "0x1c",
      "Action" : 11
    },
    "0xf703-0x280000" : {
      "Text" : "f",
      "Action" : 10
    }
  },
  "Window Type" : 0,
  "Background Image Location" : "",